{"data_time": 0.009094220999941172, "eta_seconds": 329.97965531998034, "fast_rcnn/cls_accuracy": 0.6875, "fast_rcnn/false_negative": 0.4805194805194805, "fast_rcnn/fg_cls_accuracy": 0.5194805194805194, "iteration": 19, "loss_box_reg": 0.4231288284063339, "loss_cls": 0.6422223746776581, "loss_mask": 0.6894291937351227, "loss_rpn_cls": 0.0191755723208189, "loss_rpn_loc": 0.006776406429708004, "lr": 1.60675e-05, "mask_rcnn/accuracy": 0.791306907378336, "mask_rcnn/false_negative": 0.04533505670857525, "mask_rcnn/false_positive": 0.36135052452771005, "roi_head/num_bg_samples": 114.25, "roi_head/num_fg_samples": 13.75, "rpn/num_neg_anchors": 252.5, "rpn/num_pos_anchors": 3.5, "time": 1.1784987689999298, "total_loss": 1.7916822363622487}
{"data_time": 0.008013171000015973, "eta_seconds": 311.69973717999255, "fast_rcnn/cls_accuracy": 0.86328125, "fast_rcnn/false_negative": 1.0, "fast_rcnn/fg_cls_accuracy": 0.0, "iteration": 39, "loss_box_reg": 0.4352431148290634, "loss_cls": 0.5065269768238068, "loss_mask": 0.6582531034946442, "loss_rpn_cls": 0.021550551988184452, "loss_rpn_loc": 0.0060473650228232145, "lr": 3.2717500000000007e-05, "mask_rcnn/accuracy": 0.6871884639741783, "mask_rcnn/false_negative": 3.121098626716604e-05, "mask_rcnn/false_positive": 0.7926838812535602, "roi_head/num_bg_samples": 113.25, "roi_head/num_fg_samples": 14.75, "rpn/num_neg_anchors": 253.0, "rpn/num_pos_anchors": 3.0, "time": 1.2110590699999193, "total_loss": 1.6191606554202735}
{"data_time": 0.008740749499906997, "eta_seconds": 290.65417679998063, "fast_rcnn/cls_accuracy": 0.876953125, "fast_rcnn/false_negative": 1.0, "fast_rcnn/fg_cls_accuracy": 0.0, "iteration": 59, "loss_box_reg": 0.4846370071172714, "loss_cls": 0.3616037517786026, "loss_mask": 0.5925654768943787, "loss_rpn_cls": 0.013179951347410679, "loss_rpn_loc": 0.005411879159510136, "lr": 4.93675e-05, "mask_rcnn/accuracy": 0.7399848135735233, "mask_rcnn/false_negative": 0.00010352118370821417, "mask_rcnn/false_positive": 0.6486938628966492, "roi_head/num_bg_samples": 112.25, "roi_head/num_fg_samples": 15.75, "rpn/num_neg_anchors": 252.5, "rpn/num_pos_anchors": 3.5, "time": 1.3176609739999776, "total_loss": 1.473836416960694}
{"data_time": 0.008113213999990876, "eta_seconds": 269.26434754999264, "fast_rcnn/cls_accuracy": 0.86328125, "fast_rcnn/false_negative": 1.0, "fast_rcnn/fg_cls_accuracy": 0.0, "iteration": 79, "loss_box_reg": 0.5126003324985504, "loss_cls": 0.304508313536644, "loss_mask": 0.4943810999393463, "loss_rpn_cls": 0.006881501525640488, "loss_rpn_loc": 0.004446911858394742, "lr": 6.60175e-05, "mask_rcnn/accuracy": 0.8092131083202512, "mask_rcnn/false_negative": 2.8833400611268093e-05, "mask_rcnn/false_positive": 0.5757984941740879, "roi_head/num_bg_samples": 110.5, "roi_head/num_fg_samples": 17.5, "rpn/num_neg_anchors": 252.25, "rpn/num_pos_anchors": 3.75, "time": 1.2388443329998609, "total_loss": 1.3566403872682713}
{"data_time": 0.008783219000065401, "eta_seconds": 245.08460619999823, "fast_rcnn/cls_accuracy": 0.876953125, "fast_rcnn/false_negative": 0.8612670408981555, "fast_rcnn/fg_cls_accuracy": 0.1387329591018444, "iteration": 99, "loss_box_reg": 0.5472241044044495, "loss_cls": 0.24722646176815033, "loss_mask": 0.35491594672203064, "loss_rpn_cls": 0.0038369869580492377, "loss_rpn_loc": 0.0028024474158883095, "lr": 8.266750000000001e-05, "mask_rcnn/accuracy": 0.9043048469387756, "mask_rcnn/false_negative": 0.0005678396081453497, "mask_rcnn/false_positive": 0.30408376735992, "roi_head/num_bg_samples": 108.25, "roi_head/num_fg_samples": 19.75, "rpn/num_neg_anchors": 252.75, "rpn/num_pos_anchors": 3.25, "time": 1.2324834290000126, "total_loss": 1.1627544010989368}
{"data_time": 0.008510651499932465, "eta_seconds": 220.1700671099843, "fast_rcnn/cls_accuracy": 0.94140625, "fast_rcnn/false_negative": 0.3337751855779427, "fast_rcnn/fg_cls_accuracy": 0.6662248144220573, "iteration": 119, "loss_box_reg": 0.5607636272907257, "loss_cls": 0.1865769848227501, "loss_mask": 0.2424667701125145, "loss_rpn_cls": 0.0026542420964688063, "loss_rpn_loc": 0.0020604479359462857, "lr": 9.93175e-05, "mask_rcnn/accuracy": 0.9466978458049886, "mask_rcnn/false_negative": 0.0025631150626391304, "mask_rcnn/false_positive": 0.15106952435823154, "roi_head/num_bg_samples": 107.25, "roi_head/num_fg_samples": 20.75, "rpn/num_neg_anchors": 253.0, "rpn/num_pos_anchors": 3.0, "time": 1.2162957600000937, "total_loss": 1.0224882599432021}
{"data_time": 0.009346598500087566, "eta_seconds": 195.1836641599948, "fast_rcnn/cls_accuracy": 0.98046875, "fast_rcnn/false_negative": 0.05844155844155844, "fast_rcnn/fg_cls_accuracy": 0.9415584415584416, "iteration": 139, "loss_box_reg": 0.5087876319885254, "loss_cls": 0.12894213944673538, "loss_mask": 0.17744536697864532, "loss_rpn_cls": 0.0029242471791803837, "loss_rpn_loc": 0.002739812945947051, "lr": 0.0001159675, "mask_rcnn/accuracy": 0.9594821971341728, "mask_rcnn/false_negative": 0.004967990504890915, "mask_rcnn/false_positive": 0.11212419774403451, "roi_head/num_bg_samples": 107.0, "roi_head/num_fg_samples": 21.0, "rpn/num_neg_anchors": 252.5, "rpn/num_pos_anchors": 3.5, "time": 1.2102634730000545, "total_loss": 0.8121772593585774}
{"data_time": 0.0091174140000021, "eta_seconds": 170.94952237998314, "fast_rcnn/cls_accuracy": 0.982421875, "fast_rcnn/false_negative": 0.0, "fast_rcnn/fg_cls_accuracy": 1.0, "iteration": 159, "loss_box_reg": 0.45253971219062805, "loss_cls": 0.08419610187411308, "loss_mask": 0.12429790198802948, "loss_rpn_cls": 0.0003994888684246689, "loss_rpn_loc": 0.0027864808216691017, "lr": 0.0001326175, "mask_rcnn/accuracy": 0.9711295659568175, "mask_rcnn/false_negative": 0.010564833165603731, "mask_rcnn/false_positive": 0.06853430006841833, "roi_head/num_bg_samples": 105.75, "roi_head/num_fg_samples": 22.25, "rpn/num_neg_anchors": 253.0, "rpn/num_pos_anchors": 3.0, "time": 1.2376510015000122, "total_loss": 0.6801011000279686}
{"data_time": 0.007931249499961268, "eta_seconds": 147.17124125999362, "fast_rcnn/cls_accuracy": 0.98046875, "fast_rcnn/false_negative": 0.0, "fast_rcnn/fg_cls_accuracy": 1.0, "iteration": 179, "loss_box_reg": 0.36808279156684875, "loss_cls": 0.0769089050590992, "loss_mask": 0.09932897612452507, "loss_rpn_cls": 0.0005072569620097056, "loss_rpn_loc": 0.0031215043272823095, "lr": 0.0001492675, "mask_rcnn/accuracy": 0.970786503007, "mask_rcnn/false_negative": 0.010593692608540144, "mask_rcnn/false_positive": 0.06336988188410106, "roi_head/num_bg_samples": 103.75, "roi_head/num_fg_samples": 24.25, "rpn/num_neg_anchors": 252.75, "rpn/num_pos_anchors": 3.25, "time": 1.296665277499983, "total_loss": 0.5311506050056778}
{"data_time": 0.011135527499959608, "eta_seconds": 123.13645205000512, "fast_rcnn/cls_accuracy": 0.98828125, "fast_rcnn/false_negative": 0.016530054644808743, "fast_rcnn/fg_cls_accuracy": 0.9834699453551912, "iteration": 199, "loss_box_reg": 0.20914708822965622, "loss_cls": 0.04374624602496624, "loss_mask": 0.07990043237805367, "loss_rpn_cls": 0.0004552794707706198, "loss_rpn_loc": 0.003672800143249333, "lr": 0.0001659175, "mask_rcnn/accuracy": 0.9730691555468342, "mask_rcnn/false_negative": 0.021380307241388403, "mask_rcnn/false_positive": 0.03223846427342632, "roi_head/num_bg_samples": 105.0, "roi_head/num_fg_samples": 23.0, "rpn/num_neg_anchors": 253.0, "rpn/num_pos_anchors": 3.0, "time": 1.2791047094999612, "total_loss": 0.3452413542981958}
{"data_time": 0.009222373999932643, "eta_seconds": 99.01837591999538, "fast_rcnn/cls_accuracy": 0.986328125, "fast_rcnn/false_negative": 0.0, "fast_rcnn/fg_cls_accuracy": 1.0, "iteration": 219, "loss_box_reg": 0.1844705417752266, "loss_cls": 0.04519957862794399, "loss_mask": 0.07514254376292229, "loss_rpn_cls": 0.0024522996973246336, "loss_rpn_loc": 0.0034023381303995848, "lr": 0.0001825675, "mask_rcnn/accuracy": 0.9722343724723932, "mask_rcnn/false_negative": 0.01789752957663044, "mask_rcnn/false_positive": 0.038509750217717596, "roi_head/num_bg_samples": 105.25, "roi_head/num_fg_samples": 22.75,